{
  "config": {
    "quick": false,
    "ablate_from": 8
  },
  "cos_pb_md": {
    "8": 0.06588788330554962,
    "9": 0.1014552190899849,
    "10": 0.12306010723114014,
    "11": 0.09648404270410538,
    "12": 0.13799510896205902,
    "13": 0.14783018827438354,
    "14": 0.1875571459531784,
    "15": 0.197409987449646,
    "16": 0.20949895679950714,
    "17": 0.21653570234775543,
    "18": 0.2502728998661041,
    "19": 0.24544842541217804,
    "20": 0.2132919877767563,
    "21": 0.20888927578926086,
    "22": 0.2772306799888611,
    "23": 0.28162309527397156,
    "24": 0.2933456599712372,
    "25": 0.27291154861450195,
    "26": 0.25083425641059875,
    "27": 0.2517930269241333,
    "28": 0.2038039118051529,
    "29": 0.19094054400920868,
    "30": 0.1925603300333023
  },
  "results": {
    "original": {
      "adv_refusal": 0.99,
      "arc_acc": 0.98,
      "workspace_kl_offaxis": 0.0,
      "refusal_suppression": 0.0
    },
    "pullback": {
      "adv_refusal": 0.77,
      "arc_acc": 0.975,
      "workspace_kl_offaxis": 0.04551701247692108,
      "refusal_suppression": 7.548498153686523
    },
    "mean_diff": {
      "adv_refusal": 0.06,
      "arc_acc": 0.98,
      "workspace_kl_offaxis": 0.25721046328544617,
      "refusal_suppression": 3.4374406337738037
    },
    "workspace_part(m||p)": {
      "adv_refusal": 0.76,
      "arc_acc": 0.975,
      "workspace_kl_offaxis": 0.04575886204838753,
      "refusal_suppression": 7.548568248748779
    },
    "automatic_only(m_|_p)": {
      "adv_refusal": 0.09,
      "arc_acc": 0.98,
      "workspace_kl_offaxis": 0.3306090831756592,
      "refusal_suppression": 1.8119492530822754
    },
    "hybrid(p+m_|_p)": {
      "adv_refusal": 0.03,
      "arc_acc": 0.975,
      "workspace_kl_offaxis": 0.47735241055488586,
      "refusal_suppression": 7.560126781463623
    }
  }
}